<?xml version="1.0" encoding="UTF-8"?>
<GenRun Id="impl_1" LaunchPart="xa7a35tcpg236-1I" LaunchTime="1684958748">
  <File Type="ROUTE-PWR" Name="BCDAdder_power_routed.rpt"/>
  <File Type="PA-TCL" Name="BCDAdder.tcl"/>
  <File Type="BITSTR-BMM" Name="BCDAdder_bd.bmm"/>
  <File Type="ROUTE-PWR-SUM" Name="BCDAdder_power_summary_routed.pb"/>
  <File Type="REPORTS-TCL" Name="BCDAdder_reports.tcl"/>
  <File Type="OPT-DCP" Name="BCDAdder_opt.dcp"/>
  <File Type="OPT-DRC" Name="BCDAdder_drc_opted.rpt"/>
  <File Type="OPT-HWDEF" Name="BCDAdder.hwdef"/>
  <File Type="PWROPT-DCP" Name="BCDAdder_pwropt.dcp"/>
  <File Type="PLACE-DCP" Name="BCDAdder_placed.dcp"/>
  <File Type="PLACE-IO" Name="BCDAdder_io_placed.rpt"/>
  <File Type="PLACE-UTIL" Name="BCDAdder_utilization_placed.rpt"/>
  <File Type="PLACE-UTIL-PB" Name="BCDAdder_utilization_placed.pb"/>
  <File Type="PLACE-CTRL" Name="BCDAdder_control_sets_placed.rpt"/>
  <File Type="PLACE-PRE-SIMILARITY" Name="BCDAdder_incremental_reuse_pre_placed.rpt"/>
  <File Type="BG-BGN" Name="BCDAdder.bgn"/>
  <File Type="POSTPLACE-PWROPT-DCP" Name="BCDAdder_postplace_pwropt.dcp"/>
  <File Type="BG-BIN" Name="BCDAdder.bin"/>
  <File Type="PHYSOPT-DCP" Name="BCDAdder_physopt.dcp"/>
  <File Type="BITSTR-MSK" Name="BCDAdder.msk"/>
  <File Type="ROUTE-ERROR-DCP" Name="BCDAdder_routed_error.dcp"/>
  <File Type="ROUTE-DCP" Name="BCDAdder_routed.dcp"/>
  <File Type="ROUTE-BLACKBOX-DCP" Name="BCDAdder_routed_bb.dcp"/>
  <File Type="ROUTE-DRC" Name="BCDAdder_drc_routed.rpt"/>
  <File Type="ROUTE-DRC-PB" Name="BCDAdder_drc_routed.pb"/>
  <File Type="ROUTE-DRC-RPX" Name="BCDAdder_drc_routed.rpx"/>
  <File Type="BITSTR-LTX" Name="BCDAdder.ltx"/>
  <File Type="ROUTE-METHODOLOGY-DRC" Name="BCDAdder_methodology_drc_routed.rpt"/>
  <File Type="BITSTR-MMI" Name="BCDAdder.mmi"/>
  <File Type="ROUTE-METHODOLOGY-DRC-RPX" Name="BCDAdder_methodology_drc_routed.rpx"/>
  <File Type="ROUTE-METHODOLOGY-DRC-PB" Name="BCDAdder_methodology_drc_routed.pb"/>
  <File Type="BITSTR-SYSDEF" Name="BCDAdder.sysdef"/>
  <File Type="ROUTE-PWR-RPX" Name="BCDAdder_power_routed.rpx"/>
  <File Type="ROUTE-STATUS" Name="BCDAdder_route_status.rpt"/>
  <File Type="ROUTE-STATUS-PB" Name="BCDAdder_route_status.pb"/>
  <File Type="ROUTE-TIMINGSUMMARY" Name="BCDAdder_timing_summary_routed.rpt"/>
  <File Type="ROUTE-TIMING-PB" Name="BCDAdder_timing_summary_routed.pb"/>
  <File Type="ROUTE-TIMING-RPX" Name="BCDAdder_timing_summary_routed.rpx"/>
  <File Type="ROUTE-CLK" Name="BCDAdder_clock_utilization_routed.rpt"/>
  <File Type="ROUTE-BUS-SKEW" Name="BCDAdder_bus_skew_routed.rpt"/>
  <File Type="ROUTE-BUS-SKEW-PB" Name="BCDAdder_bus_skew_routed.pb"/>
  <File Type="ROUTE-BUS-SKEW-RPX" Name="BCDAdder_bus_skew_routed.rpx"/>
  <File Type="POSTROUTE-PHYSOPT-DCP" Name="BCDAdder_postroute_physopt.dcp"/>
  <File Type="POSTROUTE-PHYSOPT-BLACKBOX-DCP" Name="BCDAdder_postroute_physopt_bb.dcp"/>
  <File Type="BG-BIT" Name="BCDAdder.bit"/>
  <File Type="BITSTR-RBT" Name="BCDAdder.rbt"/>
  <File Type="BITSTR-NKY" Name="BCDAdder.nky"/>
  <File Type="BG-DRC" Name="BCDAdder.drc"/>
  <File Type="RDI-RDI" Name="BCDAdder.vdi"/>
  <File Type="WBT-USG" Name="usage_statistics_webtalk.html"/>
  <FileSet Name="sources" Type="DesignSrcs" RelSrcDir="$PSRCDIR/sources_1">
    <Filter Type="Srcs"/>
    <File Path="$PSRCDIR/sources_1/new/FourBitAdder.vhd">
      <FileInfo>
        <Attr Name="UsedIn" Val="synthesis"/>
        <Attr Name="UsedIn" Val="simulation"/>
      </FileInfo>
    </File>
    <File Path="$PSRCDIR/sources_1/new/OneBitAdder.vhd">
      <FileInfo>
        <Attr Name="UsedIn" Val="synthesis"/>
        <Attr Name="UsedIn" Val="simulation"/>
      </FileInfo>
    </File>
    <File Path="$PSRCDIR/sources_1/new/BCDAdder.vhd">
      <FileInfo>
        <Attr Name="UsedIn" Val="synthesis"/>
        <Attr Name="UsedIn" Val="simulation"/>
      </FileInfo>
    </File>
    <Config>
      <Option Name="DesignMode" Val="RTL"/>
      <Option Name="TopModule" Val="BCDAdder"/>
      <Option Name="TopAutoSet" Val="TRUE"/>
    </Config>
  </FileSet>
  <FileSet Name="constrs_in" Type="Constrs" RelSrcDir="$PSRCDIR/constrs_1">
    <Filter Type="Constrs"/>
    <File Path="$PSRCDIR/constrs_1/new/basys3.xdc">
      <FileInfo>
        <Attr Name="UsedIn" Val="synthesis"/>
        <Attr Name="UsedIn" Val="implementation"/>
      </FileInfo>
    </File>
    <Config>
      <Option Name="ConstrsType" Val="XDC"/>
    </Config>
  </FileSet>
  <Strategy Version="1" Minor="2">
    <StratHandle Name="Vivado Implementation Defaults" Flow="Vivado Implementation 2018"/>
    <Step Id="init_design"/>
    <Step Id="opt_design"/>
    <Step Id="power_opt_design"/>
    <Step Id="place_design"/>
    <Step Id="post_place_power_opt_design"/>
    <Step Id="phys_opt_design"/>
    <Step Id="route_design"/>
    <Step Id="post_route_phys_opt_design"/>
    <Step Id="write_bitstream"/>
  </Strategy>
</GenRun>
